symbol	kind	family	reference_source	baseline_status	disposition	evidence
CSBWin_STKOP_Overlay_Palette	DSA	CSBWIN_RUNTIME	CSBWin DSA.cpp:2916-2943; Bitmaps.cpp:650-723; SaveGame.cpp:400-430	BLOCKED	REQUIRES_AUTHENTIC_CSBGRAPHICS_OVERLAY_PAYLOAD	EXPOOL overlay palette and CSBgraphics signature gate exist in CSB runtime profile, but ReadCSBgraphic overlay/overlay-palette payload identity and bitmap layout are not verified. No DSA rendering opcode is enabled and no fallback pixels are created.
CSBWin_STKOP_ObjectID	DSA	CSBWIN_RUNTIME	CSBWin DSA.cpp:2733-2738	IMPLEMENTED_NARROW	SOURCE_LOCKED_DSA_BANK_IDENTITY	include/csb_v1_chaos_magic_pc34_compat.h; src/csb/csb_v1_chaos_magic_pc34_compat.c; authenticated subcode 9 pushes only the caller-owned most-recent interesting object. Missing ownership rejects without a fallback value.
CSBWin_STKOP_MonBlk	DSA	CSBWIN_RUNTIME	CSBWin DSA.cpp:4625-4636; Monster.cpp:675,3306-3309	IMPLEMENTED_NARROW	SOURCE_LOCKED_TRANSIENT_MOVEMENT_MASK	include/csb_v1_chaos_magic_pc34_compat.h; src/csb/csb_v1_chaos_magic_pc34_compat.c; src/csb/csb_v1_runtime_pc34_compat.c; authenticated subcode 71 stages the source north/east/south/west mask and publishes only on complete action acceptance. A separate live movement caller remains required; no inferred movement result is claimed.
CSBWin_STKOP_SetAdjustSkillsParameters	DSA	CSBWIN_RUNTIME	CSBWin DSA.cpp:3034-3043; Magic.cpp:301-302	IMPLEMENTED_NARROW	SOURCE_LOCKED_TRANSACTIONAL_ADJUST_SKILLS_OWNER	include/csb_v1_chaos_magic_pc34_compat.h; src/csb/csb_v1_chaos_magic_pc34_compat.c; authenticated AMPERSAND subcode 92 pops five values into source indices 4..0 and publishes the complete array only after the full action accepts. Missing Magic/AddToSkill ownership or later malformed bytecode rejects without a synthetic global.
CSBWin_STKOP_Describe	DSA	CSBWIN_RUNTIME	CSBWin DSA.cpp:4639-4661; Character.cpp:3797-3832	IMPLEMENTED_NARROW	SOURCE_LOCKED_TRANSACTIONAL_DB2_PHRASE_CALLBACK	include/csb_v1_chaos_magic_pc34_compat.h; src/csb/csb_v1_chaos_magic_pc34_compat.c; authenticated AMPERSAND subcode 72 pops color/index/location, preserves Character.cpp's invalid-index no-op, and publishes valid requests only after full bytecode acceptance. Missing DB2/phrase ownership or later malformed bytecode rejects; no host text or phrase fallback exists.
CSBWin_STKOP_Sound	DSA	CSBWIN_RUNTIME	CSBWin DSA.cpp:4612-4624; Data.h:1783	IMPLEMENTED_NARROW	SOURCE_LOCKED_TRANSACTIONAL_AUDIO_CALLBACK	include/csb_v1_chaos_magic_pc34_compat.h; src/csb/csb_v1_chaos_magic_pc34_compat.c; authenticated AMPERSAND subcode 69 pops flags, volume, then sound number and queues only caller-owned audio requests until complete action acceptance. Missing audio ownership or malformed later words reject; no sound/media fallback is created.
CSBWin_EXTENDEDFEATURESBLOCK_SaveHeader	SAVE_RUNTIME	CSBWIN_RUNTIME	CSBWin CSB.h:463-512; SaveGame.cpp:296-428	IMPLEMENTED_NARROW	SOURCE_LOCKED_TYPED_HEADER_RETENTION	include/csb_v1_csbwin_512_xor_pad_classify.h; src/csb/csb_v1_csbwin_512_xor_pad_classify.c; include/csb_v1_runtime_pc34_compat.h; src/csb/csb_v1_runtime_pc34_compat.c; checksum-authenticated editing, graphics, spell-filter, overlay, CSBgraphics, and hint-key fields stage atomically with the Extended Features tail and clear on a core-only resume. Presentation remains unavailable without authenticated CSBgraphics asset/decode/host ownership.
CSBWin_DSA_SaveRuntimeCorpusGate	SAVE_RUNTIME	CSBWIN_RUNTIME	CSBWin SaveGame.cpp:211-260,298-385; DSA.cpp:5637-5798; data.cpp:1798-1827	IMPLEMENTED_NARROW	SOURCE_LOCKED_DSA_CORPUS_RECEIPT	include/csb_v1_csbwin_save_loader_boundary_pc34_compat.h; include/csb_v1_boot.h; src/csb/csb_v1_csbwin_save_loader_boundary_pc34_compat.c; src/csb/csb_v1_boot.c; tests/test_csb_v1_csbwin_save_loader_boundary_pc34_compat.c; tests/test_csb_v1_boot_runtime_handoff.c; DSA runtime handoff is allowed only for recognised CSBWin save filenames whose Extended Features DSA section, game-info/level-index tail, and following GAMEBLOCK1 header all authenticate. Boot/runtime save-import receipts now surface that verdict separately from CSBGAME roster-loader readiness, and staged CSBWin runtime import refuses paths unless the filename/loader classifier is import-ready. This gate creates no vendored corpus bytes, no synthetic DSA action, and no mutable runtime import by itself.
CSBWin_STKOP_DiscardText	DSA	CSBWIN_RUNTIME	CSBWin DSA.cpp:3161-3167	IMPLEMENTED_NARROW	SOURCE_LOCKED_TRANSACTIONAL_SCROLLING_TEXT_CALLBACK	include/csb_v1_chaos_magic_pc34_compat.h; src/csb/csb_v1_chaos_magic_pc34_compat.c; discard commits only after authenticated bytecode; DSA text-bank fetch/name import remains open.
CSBWin_STKOP_ModifyMessage	DSA	CSBWIN_RUNTIME	CSBWin DSA.cpp:4931-4947; CSBCode.cpp:6403-6405	IMPLEMENTED_NARROW	SOURCE_LOCKED_PER_TIMER_MESSAGE_REMAP	include/csb_v1_chaos_magic_pc34_compat.h; src/csb/csb_v1_chaos_magic_pc34_compat.c; authenticated AMPERSAND2 opcode 138 stages the caller-owned SET/CLEAR/TOGGLE map, preserves source pop order, and clamps values above three; a malformed later word leaves the caller map unchanged. Full ProcessTimers consumer coverage remains separate.
CSBWin_STKOP_Jitter	DSA	CSBWIN_RUNTIME	CSBWin DSA.cpp:4898-4929	IMPLEMENTED_NARROW	SOURCE_LOCKED_TRANSACTIONAL_JITTER_CONTEXT	include/csb_v1_chaos_magic_pc34_compat.h; src/csb/csb_v1_chaos_magic_pc34_compat.c; authenticated AMPERSAND2 opcode 137 stages all four caller-owned graphic/overlay offsets and raises the source redraw latch only when a value changes; malformed later words publish neither offsets nor latch.
CSBWin_STKOP_Copy	DSA	CSBWIN_RUNTIME	CSBWin DSA.cpp:4696-4721	IMPLEMENTED_NARROW	SOURCE_LOCKED_TRANSACTIONAL_DB3_PAYLOAD_COPY	include/csb_v1_chaos_magic_pc34_compat.h; src/csb/csb_v1_chaos_magic_pc34_compat.c; src/csb/csb_v1_runtime_pc34_compat.c; authenticated AMPERSAND opcode 76 pops destination then source, validates both loaded DB3 records, stages the exact six post-header bytes, and publishes only after complete bytecode acceptance. Missing/malformed raw ownership rejects; non-DB3 source or destination keeps CSBWin's no-op.
CSBWin_STKOP_CausePoison	DSA	CSBWIN_RUNTIME	CSBWin DSA.cpp:4348-4362; CSBCode.cpp:7202-7229	IMPLEMENTED_NARROW	SOURCE_LOCKED_TRANSACTIONAL_POISON_CALLBACK	include/csb_v1_chaos_magic_pc34_compat.h; src/csb/csb_v1_chaos_magic_pc34_compat.c; source stack staging with post-bytecode poison callback only; live runtime remains closed until original CHARDESC damage, flag, and TT_75 timer ownership is available.
CSBWin_STKOP_SwapCharacter	DSA	CSBWIN_RUNTIME	CSBWin DSA.cpp:4413-4425; Character.cpp:5472-5511	IMPLEMENTED_NARROW	SOURCE_LOCKED_TRANSACTIONAL_ROSTER_CALLBACK	include/csb_v1_chaos_magic_pc34_compat.h; src/csb/csb_v1_chaos_magic_pc34_compat.c; source stack result and post-bytecode roster commit only; live runtime remains closed until original party/Wings/CHARDESC save ownership is available.
CSBWin_STKOP_ExperiencePlus	DSA	CSBWIN_RUNTIME	CSBWin DSA.cpp:4542-4557; Magic.cpp:360-454	IMPLEMENTED_NARROW	SOURCE_LOCKED_TRANSACTIONAL_ADDTOSKILL_CALLBACK	include/csb_v1_chaos_magic_pc34_compat.h; src/csb/csb_v1_chaos_magic_pc34_compat.c; source stack staging with post-bytecode callback only; live runtime remains closed until an original skill owner supplies selected/base XP, limits, mastery, and level-up effects.
CSBWin_STKOP_CharStore	DSA	CSBWIN_RUNTIME	CSBWin DSA.cpp:4426-4529	IMPLEMENTED_NARROW	SOURCE_LOCKED_TRANSACTIONAL_CHARDESC_CALLBACK	include/csb_v1_chaos_magic_pc34_compat.h; src/csb/csb_v1_chaos_magic_pc34_compat.c; bounded source-stack staging and post-bytecode commit only; full live candidate remains closed until an original CHARDESC owner supplies party, PendingDamage, and PotentialCharacterOrdinal rules.
CSBWin_STKOP_CharFetch	DSA	CSBWIN_RUNTIME	CSBWin DSA.cpp:4167-4253	IMPLEMENTED_NARROW	SOURCE_LOCKED_CHARDESC_SNAPSHOT_CALLBACK	include/csb_v1_chaos_magic_pc34_compat.h; src/csb/csb_v1_chaos_magic_pc34_compat.c; exact 59-word callback, invalid-character zero image, and oversized-destination partial copy; live runtime remains closed until one original CHARDESC owner supplies hand/Wings/pending-damage state.
CSBWin_STKOP_PartyFetch	DSA	CSBWIN_RUNTIME	CSBWin DSA.cpp:4127-4165	IMPLEMENTED_NARROW	SOURCE_LOCKED_GAMEBLOCK2_SNAPSHOT_CALLBACK	include/csb_v1_chaos_magic_pc34_compat.h; src/csb/csb_v1_chaos_magic_pc34_compat.c; exact twelve-word callback and 100-cell no-op boundary; live runtime remains closed until PartySleeping has an original owner.
CSBWin_DB3_MakeBig_ParameterB	SAVE_RUNTIME	CSBWIN_RUNTIME	CSBWin data.cpp:1320-1351; DSA.cpp:548-571	IMPLEMENTED_NARROW	SOURCE_LOCKED_COMPACT_LOCALSTATE2_READ	src/csb/csb_v1_runtime_pc34_compat.c; raw DB3 word6 is masked to 14 bits before LocalState-2 dispatch; expanded word8 writes remain unavailable.
CSBWin_STKOP_Mastery	DSA	CSBWIN_RUNTIME	CSBWin DSA.cpp:3389-3409; Code17818.cpp:13-155	IMPLEMENTED_NARROW	SOURCE_LOCKED_CHARDESC_CALLBACK	include/csb_v1_chaos_magic_pc34_compat.h; src/csb/csb_v1_chaos_magic_pc34_compat.c; source stack bridge only, live runtime remains closed without sleeping and name-index ownership.
CSBWin_STKOP_MissileInfoStore	DSA	CSBWIN_RUNTIME	CSBWin DSA.cpp:2824-2846	IMPLEMENTED_NARROW	SOURCE_LOCKED_DB14_TIMER_WRITEBACK	src/csb/csb_v1_chaos_magic_pc34_compat.c; src/csb/csb_v1_runtime_pc34_compat.c; DB14+TIMER ownership and candidate raw-dungeon publication required; focused DSA regression.
F0031_OBJECT_LoadNames	F	OBJECT	ATARIST.H:25	UNCERTAIN_NUMBERED_EVIDENCE	REQUIRES_BEHAVIORAL_REVIEW	src/csb/csb_v1_character_pc34_compat.c:92; Exact numeric token occurs in Firestaff source; this audit did not verify behavioral equivalence or implementation.
F0032_OBJECT_GetType	F	OBJECT	ATARIST.H:26	UNCERTAIN_NUMBERED_EVIDENCE	REQUIRES_BEHAVIORAL_REVIEW	src/csb/csb_v1_viewport_pc34_compat.c:1829; Exact numeric token occurs in Firestaff source; this audit did not verify behavioral equivalence or implementation.
F0033_OBJECT_GetIconIndex	F	OBJECT	ACTIDRAW.C:252	UNCERTAIN_NUMBERED_EVIDENCE	REQUIRES_BEHAVIORAL_REVIEW	src/csb/csb_v1_viewport_pc34_compat.c:1829; Exact numeric token occurs in Firestaff source; this audit did not verify behavioral equivalence or implementation.
F0034_OBJECT_DrawLeaderHandObjectName	F	OBJECT	ATARIST.H:28	UNCERTAIN_NUMBERED_EVIDENCE	REQUIRES_BEHAVIORAL_REVIEW	src/csb/csb_v1_runtime_pc34_compat.c:10956; Exact numeric token occurs in Firestaff source; this audit did not verify behavioral equivalence or implementation.
F0035_OBJECT_ClearLeaderHandObjectName	F	OBJECT	ATARIST.H:29	MISSING	DEFERRED_NO_IMPLEMENTATION_CLAIM	-; No exact numbered token found in Firestaff src/include; no implementation claim.
F0036_OBJECT_ExtractIconFromBitmap	F	OBJECT	ACTIDRAW.C:263	UNCERTAIN_NUMBERED_EVIDENCE	REQUIRES_BEHAVIORAL_REVIEW	src/nexus/nexus_v1_engine.c:27; Exact numeric token occurs in Firestaff source; this audit did not verify behavioral equivalence or implementation.
F0037_OBJECT_DrawIconToScreen	F	OBJECT	ATARIST.H:31	UNCERTAIN_NUMBERED_EVIDENCE	REQUIRES_BEHAVIORAL_REVIEW	src/nexus/nexus_v1_engine.c:89; Exact numeric token occurs in Firestaff source; this audit did not verify behavioral equivalence or implementation.
F0038_OBJECT_DrawIconInSlotBox	F	OBJECT	ATARIST.H:32	UNCERTAIN_NUMBERED_EVIDENCE	REQUIRES_BEHAVIORAL_REVIEW	src/dm1/dm1_v1_champion_panel_hand_slot_refresh_pc34_compat.c:8; Exact numeric token occurs in Firestaff source; this audit did not verify behavioral equivalence or implementation.
F0039_OBJECT_GetIconIndexInSlotBox	F	OBJECT	ATARIST.H:33	UNCERTAIN_NUMBERED_EVIDENCE	REQUIRES_BEHAVIORAL_REVIEW	src/dm1/dm1_v1_champion_panel_hand_slot_refresh_pc34_compat.c:96; Exact numeric token occurs in Firestaff source; this audit did not verify behavioral equivalence or implementation.
F0139_DUNGEON_IsCreatureAllowedOnMap	F	DUNGEON	ATARIST.H:70	UNCERTAIN_NUMBERED_EVIDENCE	REQUIRES_BEHAVIORAL_REVIEW	include/dm1_v1_game_over_pc34_compat.h:5; Exact numeric token occurs in Firestaff source; this audit did not verify behavioral equivalence or implementation.
F0140_DUNGEON_GetObjectWeight	F	DUNGEON	ATARIST.H:71	UNCERTAIN_NUMBERED_EVIDENCE	REQUIRES_BEHAVIORAL_REVIEW	src/csb/csb_v1_character_pc34_compat.c:188; Exact numeric token occurs in Firestaff source; this audit did not verify behavioral equivalence or implementation.
F0141_DUNGEON_GetObjectInfoIndex	F	DUNGEON	ACTIDRAW.C:251	UNCERTAIN_NUMBERED_EVIDENCE	REQUIRES_BEHAVIORAL_REVIEW	src/csb/csb_v1_runtime_pc34_compat.c:9861; Exact numeric token occurs in Firestaff source; this audit did not verify behavioral equivalence or implementation.
F0142_DUNGEON_GetProjectileAspect	F	DUNGEON	ATARIST.H:73	UNCERTAIN_NUMBERED_EVIDENCE	REQUIRES_BEHAVIORAL_REVIEW	src/csb/csb_v1_viewport_f0115_projectile_metadata_pc34_compat.c:18; Exact numeric token occurs in Firestaff source; this audit did not verify behavioral equivalence or implementation.
F0143_DUNGEON_GetArmourDefense	F	DUNGEON	ATARIST.H:74	UNCERTAIN_NUMBERED_EVIDENCE	REQUIRES_BEHAVIORAL_REVIEW	src/dm1/dm1_v1_combat_pc34_compat.c:78; Exact numeric token occurs in Firestaff source; this audit did not verify behavioral equivalence or implementation.
F0144_DUNGEON_GetCreatureAttributes	F	DUNGEON	ATARIST.H:75	UNCERTAIN_NUMBERED_EVIDENCE	REQUIRES_BEHAVIORAL_REVIEW	src/dm1/dm1_v1_melee_action_f0402_pc34_compat.c:2124; Exact numeric token occurs in Firestaff source; this audit did not verify behavioral equivalence or implementation.
F0145_DUNGEON_GetGroupCells	F	DUNGEON	ATARIST.H:76	IMPLEMENTED_NARROW	IMPLEMENTED_NARROW_C04_RECORD_ACCESSOR	ReDMCSB DUNGEON.C F0145; DEFS.H GROUP C04 16-byte record; Firestaff `src/csb/csb_v1_dungeon_world_pc34_compat.c` plus effective active-group owner.
F0146_DUNGEON_SetGroupCells	F	DUNGEON	ATARIST.H:77	IMPLEMENTED_NARROW	SOURCE_LOCKED_C04_RECORD_MUTATION	include/csb_v1_f0146_dungeon_set_group_cells_pc34_compat.h; focused CTest.
F0147_DUNGEON_GetGroupDirections	F	DUNGEON	ATARIST.H:78	IMPLEMENTED_NARROW	SOURCE_LOCKED_C04_ACCESSOR	include/csb_v1_dungeon_world_pc34_compat.h; focused CTest.
F0148_DUNGEON_SetGroupDirections	F	DUNGEON	ATARIST.H:79	IMPLEMENTED_NARROW	SOURCE_LOCKED_C04_AND_ACTIVE_GROUP_UPDATE	include/csb_v1_f0148_dungeon_set_group_directions_pc34_compat.h; focused CTest.
F0149_DUNGEON_IsWallOrnamentAnAlcove	F	DUNGEON	ATARIST.H:80	IMPLEMENTED	SOURCE_BACKED_CURRENT_MAP_PREDICATE	src/csb/csb_v1_f0149_dungeon_wall_ornament_alcove_pc34_compat.c; ReDMCSB DUNGEON.C:1330-1347; caller-owned G0267-equivalent map table only.
F0150_DUNGEON_UpdateMapCoordinatesAfterRelativeMovement	F	DUNGEON	ATARIST.H:81	UNCERTAIN_NUMBERED_EVIDENCE	REQUIRES_BEHAVIORAL_REVIEW	src/csb/csb_v1_movement_command_rotation_between_steps_runtime_pc34_compat.c:49; Exact numeric token occurs in Firestaff source; this audit did not verify behavioral equivalence or implementation.
F0151_DUNGEON_GetSquare	F	DUNGEON	ATARIST.H:82	IMPLEMENTED_NARROW	SOURCE_LOCKED_REAL_BYTE_MAP_ACCESSOR	src/csb/csb_v1_dungeon_loader_pc34_compat.c; ReDMCSB DUNGEON.C:1423-1478; accepts only bounded real PC34 byte-map ownership and reproduces defined adjacent-corridor edge-wall flags.
F0152_DUNGEON_GetRelativeSquare	F	DUNGEON	DEFS.H:7262	IMPLEMENTED_NARROW	SOURCE_LOCKED_REAL_BYTE_MAP_RELATIVE_ACCESSOR	src/csb/csb_v1_dungeon_loader_pc34_compat.c; ReDMCSB DUNGEON.C:1481-1488; source direction vectors and F0151 owner only.
F0153_DUNGEON_GetRelativeSquareType	F	DUNGEON	ATARIST.H:83	IMPLEMENTED_NARROW	SOURCE_LOCKED_REAL_BYTE_MAP_RELATIVE_TYPE	src/csb/csb_v1_dungeon_loader_pc34_compat.c; ReDMCSB DUNGEON.C:1495-1504; type derives only from F0152 source result.
F0154_DUNGEON_GetLocationAfterLevelChange	F	DUNGEON	ATARIST.H:84	IMPLEMENTED	SOURCE_LOCKED_REAL_MAP_DESCRIPTOR_OWNER	src/csb/csb_v1_dungeon_loader_pc34_compat.c; ReDMCSB DUNGEON.C:1508-1554; uses only PC34 MAP Level/Offset/Width/Height and commits coordinates only with a matching target map.
F0155_DUNGEON_GetStairsExitDirection	F	DUNGEON	ATARIST.H:85	IMPLEMENTED	SOURCE_LOCKED_REAL_STAIRS_EXIT_OWNER	src/csb/csb_v1_dungeon_loader_pc34_compat.c; ReDMCSB DUNGEON.C:1560-1582; F0151 edge walls drive the exact orientation/blocked direction result.
F0156_DUNGEON_GetThingData	F	DUNGEON	ATARIST.H:86	UNCERTAIN_NUMBERED_EVIDENCE	REQUIRES_BEHAVIORAL_REVIEW	src/csb/csb_v1_dungeon_loader_pc34_compat.c:11; Exact numeric token occurs in Firestaff source; this audit did not verify behavioral equivalence or implementation.
F0157_DUNGEON_GetSquareFirstThingData	F	DUNGEON	ATARIST.H:87	UNCERTAIN_NUMBERED_EVIDENCE	REQUIRES_BEHAVIORAL_REVIEW	src/dm1/dm1_v1_collision_door_pc34_compat.c:33; Exact numeric token occurs in Firestaff source; this audit did not verify behavioral equivalence or implementation.
F0158_DUNGEON_GetWeaponInfo	F	DUNGEON	AMMO.C:52	UNCERTAIN_NUMBERED_EVIDENCE	REQUIRES_BEHAVIORAL_REVIEW	src/dm1/dm1_v1_champion_panel_ammunition_compatibility_pc34_compat.c:17; Exact numeric token occurs in Firestaff source; this audit did not verify behavioral equivalence or implementation.
F0159_DUNGEON_GetNextThing	F	DUNGEON	ATARIST.H:89	IMPLEMENTED_NARROW	SOURCE_LOCKED_REAL_THING_CHAIN_ACCESSOR	src/csb/csb_v1_dungeon_loader_pc34_compat.c; ReDMCSB DUNGEON.C:1664-1676; returns Generic.Next only from a bounded real PC34 Thing record.
F0160_DUNGEON_GetSquareFirstThingIndex	F	DUNGEON	DEFS.H:7315	UNCERTAIN_NUMBERED_EVIDENCE	REQUIRES_BEHAVIORAL_REVIEW	src/csb/csb_v1_dungeon_loader_pc34_compat.c:391; Exact numeric token occurs in Firestaff source; this audit did not verify behavioral equivalence or implementation.
F0161_DUNGEON_GetSquareFirstThing	F	DUNGEON	ATARIST.H:90	UNCERTAIN_NUMBERED_EVIDENCE	REQUIRES_BEHAVIORAL_REVIEW	src/csb/csb_v1_dungeon_loader_pc34_compat.c:34; Exact numeric token occurs in Firestaff source; this audit did not verify behavioral equivalence or implementation.
F0162_DUNGEON_GetSquareFirstObject	F	DUNGEON	ATARIST.H:91	IMPLEMENTED_NARROW	SOURCE_LOCKED_REAL_THING_CHAIN_FILTER	src/csb/csb_v1_dungeon_loader_pc34_compat.c; ReDMCSB DUNGEON.C:1748-1760; starts at F0161 and walks F0159 until C04_GROUP-or-later, bounded and fail-closed.
F0163_DUNGEON_LinkThingToList	F	DUNGEON	ATARIST.H:92	IMPLEMENTED	SOURCE_LOCKED_ATOMIC_REAL_THING_LINK	src/csb/csb_v1_dungeon_world_pc34_compat.c; ReDMCSB DUNGEON.C:1769-1838; real PC34 tail/empty-square link commits only with its F0164 partner.
F0164_DUNGEON_UnlinkThingFromList	F	DUNGEON	ATARIST.H:93	IMPLEMENTED	SOURCE_LOCKED_ATOMIC_REAL_THING_UNLINK	src/csb/csb_v1_dungeon_world_pc34_compat.c; ReDMCSB DUNGEON.C:1840-1907; a rejected post-unlink F0163 target restores the complete original byte arena.
F0165_DUNGEON_GetDiscardedThing	F	DUNGEON	DEFS.H:7344	IMPLEMENTED_NARROW	SOURCE_LOCKED_DISCARD_SELECTION	include/dm1_csb_f0165_dungeon_discarded_thing_pc34_compat.h; focused CTest.
F0166_DUNGEON_GetUnusedThing	F	DUNGEON	ATARIST.H:94	IMPLEMENTED	SOURCE_LOCKED_REAL_DB_ALLOCATOR	src/csb/csb_v1_dungeon_loader_pc34_compat.c; ReDMCSB DUNGEON.C:2085-2127; real DB record scan, JUNK bone reserve, full-record clear, and caller-owned F0165 exhaustion path.
F0167_DUNGEON_GetObjectForProjectileLauncherOrObjectGenerator	F	DUNGEON	ATARIST.H:95	UNCERTAIN_NUMBERED_EVIDENCE	REQUIRES_BEHAVIORAL_REVIEW	src/csb/csb_v1_runtime_pc34_compat.c:5921; Exact numeric token occurs in Firestaff source; this audit did not verify behavioral equivalence or implementation.
F0168_DUNGEON_DecodeText	F	DUNGEON	ATARIST.H:96	UNCERTAIN_NUMBERED_EVIDENCE	REQUIRES_BEHAVIORAL_REVIEW	src/engine/m11_game_view.c:10791; Exact numeric token occurs in Firestaff source; this audit did not verify behavioral equivalence or implementation.
F0169_DUNGEON_GetRandomOrnamentIndex	F	DUNGEON	DEFS.H:7362	UNCERTAIN_NUMBERED_EVIDENCE	REQUIRES_BEHAVIORAL_REVIEW	src/engine/m11_game_view.c:5881; Exact numeric token occurs in Firestaff source; this audit did not verify behavioral equivalence or implementation.
F0170_DUNGEON_GetRandomOrnamentOrdinal	F	DUNGEON	DEFS.H:7363	UNCERTAIN_NUMBERED_EVIDENCE	REQUIRES_BEHAVIORAL_REVIEW	src/csb/csb_v1_dungeon_loader_pc34_compat.c:691; Exact numeric token occurs in Firestaff source; this audit did not verify behavioral equivalence or implementation.
F0171_DUNGEON_SetSquareAspectRandomWallOrnamentOrdinals	F	DUNGEON	DEFS.H:7364	UNCERTAIN_NUMBERED_EVIDENCE	REQUIRES_BEHAVIORAL_REVIEW	src/engine/m11_game_view.c:19248; Exact numeric token occurs in Firestaff source; this audit did not verify behavioral equivalence or implementation.
F0172_DUNGEON_SetSquareAspect	F	DUNGEON	ATARIST.H:97	UNCERTAIN_NUMBERED_EVIDENCE	REQUIRES_BEHAVIORAL_REVIEW	src/csb/csb_v1_viewport_d2c_f0111_door_front_pc34_compat.c:31; Exact numeric token occurs in Firestaff source; this audit did not verify behavioral equivalence or implementation.
F0173_DUNGEON_SetCurrentMap	F	DUNGEON	ATARIST.H:98	UNCERTAIN_NUMBERED_EVIDENCE	REQUIRES_BEHAVIORAL_REVIEW	src/csb/csb_v1_boot.c:7107; Exact numeric token occurs in Firestaff source; this audit did not verify behavioral equivalence or implementation.
F0174_DUNGEON_SetCurrentMapAndPartyMap	F	DUNGEON	ATARIST.H:99	UNCERTAIN_NUMBERED_EVIDENCE	REQUIRES_BEHAVIORAL_REVIEW	No current Firestaff implementation reference; behavioral equivalence remains unverified.
F0175_GROUP_GetThing	F	GROUP	ATARIST.H:100	UNCERTAIN_NUMBERED_EVIDENCE	REQUIRES_BEHAVIORAL_REVIEW	src/csb/csb_v1_dungeon_world_pc34_compat.c:46; Exact numeric token occurs in Firestaff source; this audit did not verify behavioral equivalence or implementation.
F0176_GROUP_GetCreatureOrdinalInCell	F	GROUP	ATARIST.H:101	UNCERTAIN_NUMBERED_EVIDENCE	REQUIRES_BEHAVIORAL_REVIEW	src/dm1/dm1_v1_combat_pc34_compat.c:870; Exact numeric token occurs in Firestaff source; this audit did not verify behavioral equivalence or implementation.
F0177_GROUP_GetMeleeTargetCreatureOrdinal	F	GROUP	ATARIST.H:102	UNCERTAIN_NUMBERED_EVIDENCE	REQUIRES_BEHAVIORAL_REVIEW	src/dm1/dm1_v1_combat_pc34_compat.c:900; Exact numeric token occurs in Firestaff source; this audit did not verify behavioral equivalence or implementation.
F0178_GROUP_GetGroupValueUpdatedWithCreatureValue	F	GROUP	ATARIST.H:103	UNCERTAIN_NUMBERED_EVIDENCE	REQUIRES_BEHAVIORAL_REVIEW	src/dm1/dm1_v1_creature_render_pc34_compat.c:754; Exact numeric token occurs in Firestaff source; this audit did not verify behavioral equivalence or implementation.
F0179_GROUP_GetCreatureAspectUpdateTime	F	GROUP	DEFS.H:2893	UNCERTAIN_NUMBERED_EVIDENCE	REQUIRES_BEHAVIORAL_REVIEW	src/csb/csb_v1_runtime_pc34_compat.c:6669; Exact numeric token occurs in Firestaff source; this audit did not verify behavioral equivalence or implementation.
F0180_GROUP_StartWandering	F	GROUP	ATARIST.H:104	UNCERTAIN_NUMBERED_EVIDENCE	REQUIRES_BEHAVIORAL_REVIEW	src/csb/csb_v1_runtime_pc34_compat.c:12330; Exact numeric token occurs in Firestaff source; this audit did not verify behavioral equivalence or implementation.
F0181_GROUP_DeleteEvents	F	GROUP	ATARIST.H:105	UNCERTAIN_NUMBERED_EVIDENCE	REQUIRES_BEHAVIORAL_REVIEW	src/csb/csb_v1_runtime_pc34_compat.c:6412; Exact numeric token occurs in Firestaff source; this audit did not verify behavioral equivalence or implementation.
F0182_GROUP_StopAttacking	F	GROUP	ATARIST.H:106	IMPLEMENTED_NARROW	SOURCE_LOCKED_GROUP_STOP	include/csb_v1_f0182_group_stop_attacking_pc34_compat.h; focused CTest.
F0183_GROUP_AddActiveGroup	F	GROUP	ATARIST.H:107	UNCERTAIN_NUMBERED_EVIDENCE	REQUIRES_BEHAVIORAL_REVIEW	src/nexus/nexus_v1_creatures.c:43; Exact numeric token occurs in Firestaff source; this audit did not verify behavioral equivalence or implementation.
F0184_GROUP_RemoveActiveGroup	F	GROUP	ATARIST.H:108	UNCERTAIN_NUMBERED_EVIDENCE	REQUIRES_BEHAVIORAL_REVIEW	src/csb/csb_v1_runtime_pc34_compat.c:6550; Exact numeric token occurs in Firestaff source; this audit did not verify behavioral equivalence or implementation.
F0185_GROUP_GetGenerated	F	GROUP	ATARIST.H:109	UNCERTAIN_NUMBERED_EVIDENCE	REQUIRES_BEHAVIORAL_REVIEW	src/csb/csb_v1_runtime_pc34_compat.c:12285; Exact numeric token occurs in Firestaff source; this audit did not verify behavioral equivalence or implementation.
F0186_GROUP_DropCreatureFixedPossessions	F	GROUP	DEFS.H:2896	UNCERTAIN_NUMBERED_EVIDENCE	REQUIRES_BEHAVIORAL_REVIEW	src/csb/csb_v1_monster_pc34_compat.c:10; Exact numeric token occurs in Firestaff source; this audit did not verify behavioral equivalence or implementation.
F0187_GROUP_DropMovingCreatureFixedPossessions	F	GROUP	ATARIST.H:110	UNCERTAIN_NUMBERED_EVIDENCE	REQUIRES_BEHAVIORAL_REVIEW	src/csb/csb_v1_monster_pc34_compat.c:572; Exact numeric token occurs in Firestaff source; this audit did not verify behavioral equivalence or implementation.
F0188_GROUP_DropGroupPossessions	F	GROUP	ATARIST.H:111	UNCERTAIN_NUMBERED_EVIDENCE	REQUIRES_BEHAVIORAL_REVIEW	src/csb/csb_v1_monster_pc34_compat.c:573; Exact numeric token occurs in Firestaff source; this audit did not verify behavioral equivalence or implementation.
F0189_GROUP_Delete	F	GROUP	ATARIST.H:112	UNCERTAIN_NUMBERED_EVIDENCE	REQUIRES_BEHAVIORAL_REVIEW	src/csb/csb_v1_runtime_pc34_compat.c:6100; Exact numeric token occurs in Firestaff source; this audit did not verify behavioral equivalence or implementation.
F0190_GROUP_GetDamageCreatureOutcome	F	GROUP	ATARIST.H:113	UNCERTAIN_NUMBERED_EVIDENCE	REQUIRES_BEHAVIORAL_REVIEW	src/csb/csb_v1_monster_pc34_compat.c:10; Exact numeric token occurs in Firestaff source; this audit did not verify behavioral equivalence or implementation.
F0191_GROUP_GetDamageAllCreaturesOutcome	F	GROUP	ATARIST.H:114	UNCERTAIN_NUMBERED_EVIDENCE	REQUIRES_BEHAVIORAL_REVIEW	src/nexus/nexus_v1_game.c:20; Exact numeric token occurs in Firestaff source; this audit did not verify behavioral equivalence or implementation.
F0192_GROUP_GetResistanceAdjustedPoisonAttack	F	GROUP	ATARIST.H:115	UNCERTAIN_NUMBERED_EVIDENCE	REQUIRES_BEHAVIORAL_REVIEW	src/dm1/dm1_v1_combat_pc34_compat.c:7; Exact numeric token occurs in Firestaff source; this audit did not verify behavioral equivalence or implementation.
F0193_GROUP_StealFromChampion	F	GROUP	DATA.C:31	UNCERTAIN_NUMBERED_EVIDENCE	REQUIRES_BEHAVIORAL_REVIEW	src/csb/csb_v1_monster_pc34_compat.c:575; Exact numeric token occurs in Firestaff source; this audit did not verify behavioral equivalence or implementation.
F0194_GROUP_RemoveAllActiveGroups	F	GROUP	ATARIST.H:116	UNCERTAIN_NUMBERED_EVIDENCE	REQUIRES_BEHAVIORAL_REVIEW	src/dm1/dm1_v1_mirror_candidate_teleporter_survival_pc34_compat.c:16; Exact numeric token occurs in Firestaff source; this audit did not verify behavioral equivalence or implementation.
F0195_GROUP_AddAllActiveGroups	F	GROUP	ATARIST.H:117	IMPLEMENTED_NARROW	SOURCE_LOCKED_ACTIVE_GROUP_SCAN	src/csb/csb_v1_runtime_pc34_compat.c; focused M10-linked CTest.
F0196_GROUP_InitializeActiveGroups	F	GROUP	ATARIST.H:118	IMPLEMENTED_NARROW	SOURCE_LOCKED_ACTIVE_GROUP_INITIALIZATION	include/csb_v1_f0196_group_initialize_active_groups_adapter_pc34_compat.h; focused CTest.
F0197_GROUP_IsViewPartyBlocked	F	GROUP	GROUP.C:40	UNCERTAIN_NUMBERED_EVIDENCE	REQUIRES_BEHAVIORAL_REVIEW	src/dm1/dm1_v1_creature_ai_behavior_pc34_compat.c:842; Exact numeric token occurs in Firestaff source; this audit did not verify behavioral equivalence or implementation.
F0198_GROUP_IsSmellPartyBlocked	F	GROUP	GROUP.C:41	UNCERTAIN_NUMBERED_EVIDENCE	REQUIRES_BEHAVIORAL_REVIEW	src/dm1/dm1_v1_creature_ai_behavior_pc34_compat.c:842; Exact numeric token occurs in Firestaff source; this audit did not verify behavioral equivalence or implementation.
F0199_GROUP_GetDistanceBetweenUnblockedSquares	F	GROUP	DEFS.H:7516	UNCERTAIN_NUMBERED_EVIDENCE	REQUIRES_BEHAVIORAL_REVIEW	src/dm1/dm1_v1_creature_ai_behavior_pc34_compat.c:842; Exact numeric token occurs in Firestaff source; this audit did not verify behavioral equivalence or implementation.
F0200_GROUP_GetDistanceToVisibleParty	F	GROUP	DEFS.H:2893	UNCERTAIN_NUMBERED_EVIDENCE	REQUIRES_BEHAVIORAL_REVIEW	src/csb/csb_v1_csbgraphics_dat_inventory_pc34_compat.c:225; Exact numeric token occurs in Firestaff source; this audit did not verify behavioral equivalence or implementation.
F0201_GROUP_GetSmelledPartyPrimaryDirectionOrdinal	F	GROUP	DEFS.H:7518	UNCERTAIN_NUMBERED_EVIDENCE	REQUIRES_BEHAVIORAL_REVIEW	src/dm1/dm1_v1_creature_ai_behavior_pc34_compat.c:19; Exact numeric token occurs in Firestaff source; this audit did not verify behavioral equivalence or implementation.
F0202_GROUP_IsMovementPossible	F	GROUP	DEFS.H:7519	UNCERTAIN_NUMBERED_EVIDENCE	REQUIRES_BEHAVIORAL_REVIEW	src/csb/csb_v1_runtime_pc34_compat.c:4593; Exact numeric token occurs in Firestaff source; this audit did not verify behavioral equivalence or implementation.
F0203_GROUP_GetFirstPossibleMovementDirectionOrdinal	F	GROUP	DEFS.H:7520	UNCERTAIN_NUMBERED_EVIDENCE	REQUIRES_BEHAVIORAL_REVIEW	src/dm1/dm1_v1_creature_ai_behavior_pc34_compat.c:12; Exact numeric token occurs in Firestaff source; this audit did not verify behavioral equivalence or implementation.
F0204_GROUP_IsArchenemyDoubleMovementPossible	F	GROUP	DEFS.H:7521	UNCERTAIN_NUMBERED_EVIDENCE	REQUIRES_BEHAVIORAL_REVIEW	src/dm1/dm1_v1_creature_ai_behavior_pc34_compat.c:152; Exact numeric token occurs in Firestaff source; this audit did not verify behavioral equivalence or implementation.
F0205_GROUP_SetDirection	F	GROUP	DEFS.H:7522	UNCERTAIN_NUMBERED_EVIDENCE	REQUIRES_BEHAVIORAL_REVIEW	src/csb/csb_v1_runtime_pc34_compat.c:6719; Exact numeric token occurs in Firestaff source; this audit did not verify behavioral equivalence or implementation.
F0206_GROUP_SetDirectionGroup	F	GROUP	DEFS.H:7523	UNCERTAIN_NUMBERED_EVIDENCE	REQUIRES_BEHAVIORAL_REVIEW	src/csb/csb_v1_runtime_pc34_compat.c:6719; Exact numeric token occurs in Firestaff source; this audit did not verify behavioral equivalence or implementation.
F0207_GROUP_IsCreatureAttacking	F	GROUP	DEFS.H:7524	UNCERTAIN_NUMBERED_EVIDENCE	REQUIRES_BEHAVIORAL_REVIEW	src/dm2/dm2_v1_projectile_pc34_compat.c:16; Exact numeric token occurs in Firestaff source; this audit did not verify behavioral equivalence or implementation.
F0208_GROUP_AddEvent	F	GROUP	DEFS.H:7525	UNCERTAIN_NUMBERED_EVIDENCE	REQUIRES_BEHAVIORAL_REVIEW	src/csb/csb_v1_runtime_pc34_compat.c:3529; Exact numeric token occurs in Firestaff source; this audit did not verify behavioral equivalence or implementation.
F0209_GROUP_ProcessEvents29to41	F	GROUP	ATARIST.H:119	UNCERTAIN_NUMBERED_EVIDENCE	REQUIRES_BEHAVIORAL_REVIEW	src/dm2/dm2_v1_projectile_pc34_compat.c:16; Exact numeric token occurs in Firestaff source; this audit did not verify behavioral equivalence or implementation.
F0221_GROUP_IsFluxcageOnSquare	F	GROUP	DEFS.H:7607	UNCERTAIN_NUMBERED_EVIDENCE	REQUIRES_BEHAVIORAL_REVIEW	include/memory_projectile_pc34_compat.h:31; Exact numeric token occurs in Firestaff source; this audit did not verify behavioral equivalence or implementation.
F0222_GROUP_IsLordChaosOnSquare	F	GROUP	DEFS.H:7608	UNCERTAIN_NUMBERED_EVIDENCE	REQUIRES_BEHAVIORAL_REVIEW	src/dm1/dm1_v1_endgame_system_pc34_compat.c:73; Exact numeric token occurs in Firestaff source; this audit did not verify behavioral equivalence or implementation.
F0223_GROUP_IsLordChaosAllowed	F	GROUP	DEFS.H:7609	UNCERTAIN_NUMBERED_EVIDENCE	REQUIRES_BEHAVIORAL_REVIEW	src/dm1/dm1_v1_endgame_system_pc34_compat.c:482; Exact numeric token occurs in Firestaff source; this audit did not verify behavioral equivalence or implementation.
F0224_GROUP_FluxCageAction	F	GROUP	ATARIST.H:127	UNCERTAIN_NUMBERED_EVIDENCE	REQUIRES_BEHAVIORAL_REVIEW	src/engine/m11_game_view.c:28026; Exact numeric token occurs in Firestaff source; this audit did not verify behavioral equivalence or implementation.
F0225_GROUP_FuseAction	F	GROUP	ATARIST.H:128	UNCERTAIN_NUMBERED_EVIDENCE	REQUIRES_BEHAVIORAL_REVIEW	src/dm1/dm1_v1_endgame_system_pc34_compat.c:56; Exact numeric token occurs in Firestaff source; this audit did not verify behavioral equivalence or implementation.
F0226_GROUP_GetDistanceBetweenSquares	F	GROUP	ATARIST.H:129	UNCERTAIN_NUMBERED_EVIDENCE	REQUIRES_BEHAVIORAL_REVIEW	include/firestaff/dm1/v1/mirror_candidate/panel_redraw_after_inventory_exit_pc34_compat.h:297; Exact numeric token occurs in Firestaff source; this audit did not verify behavioral equivalence or implementation.
F0227_GROUP_IsDestinationVisibleFromSource	F	GROUP	ATARIST.H:130	MISSING	DEFERRED_NO_IMPLEMENTATION_CLAIM	-; No exact numbered token found in Firestaff src/include; no implementation claim.
F0228_GROUP_GetDirectionsWhereDestinationIsVisibleFromSource	F	GROUP	ATARIST.H:131	UNCERTAIN_NUMBERED_EVIDENCE	REQUIRES_BEHAVIORAL_REVIEW	src/dm2/dm2_v1_projectile_step_pc34_compat.c:180; Exact numeric token occurs in Firestaff source; this audit did not verify behavioral equivalence or implementation.
F0229_GROUP_SetOrderedCellsToAttack	F	GROUP	ATARIST.H:132	UNCERTAIN_NUMBERED_EVIDENCE	REQUIRES_BEHAVIORAL_REVIEW	src/csb/csb_v1_runtime_pc34_compat.c:13343; Exact numeric token occurs in Firestaff source; this audit did not verify behavioral equivalence or implementation.
F0230_GROUP_GetChampionDamage	F	GROUP	ATARIST.H:133	UNCERTAIN_NUMBERED_EVIDENCE	REQUIRES_BEHAVIORAL_REVIEW	src/csb/csb_v1_runtime_pc34_compat.c:7761; Exact numeric token occurs in Firestaff source; this audit did not verify behavioral equivalence or implementation.
F0231_GROUP_GetMeleeActionDamage	F	GROUP	ATARIST.H:134	UNCERTAIN_NUMBERED_EVIDENCE	REQUIRES_BEHAVIORAL_REVIEW	src/csb/csb_v1_runtime_pc34_compat.c:10725; Exact numeric token occurs in Firestaff source; this audit did not verify behavioral equivalence or implementation.
F0232_GROUP_IsDoorDestroyedByAttack	F	GROUP	ATARIST.H:135	UNCERTAIN_NUMBERED_EVIDENCE	REQUIRES_BEHAVIORAL_REVIEW	src/dm2/dm2_v1_projectile_creature_collision_pc34_compat.c:270; Exact numeric token occurs in Firestaff source; this audit did not verify behavioral equivalence or implementation.
F0233_TIMELINE_Initialize_CPSE	F	TIMELINE	ATARIST.H:136	UNCERTAIN_NUMBERED_EVIDENCE	REQUIRES_BEHAVIORAL_REVIEW	src/dm1/dm1_v1_event_timer_pc34_compat.c:6; Exact numeric token occurs in Firestaff source; this audit did not verify behavioral equivalence or implementation.
F0234_TIMELINE_IsEventABeforeEventB	F	TIMELINE	DEFS.H:7695	UNCERTAIN_NUMBERED_EVIDENCE	REQUIRES_BEHAVIORAL_REVIEW	src/dm1/dm1_v1_event_timer_pc34_compat.c:7; Exact numeric token occurs in Firestaff source; this audit did not verify behavioral equivalence or implementation.
F0235_TIMELINE_GetIndex	F	TIMELINE	ATARIST.H:137	UNCERTAIN_NUMBERED_EVIDENCE	REQUIRES_BEHAVIORAL_REVIEW	src/dm2/dm2_v1_boot.c:264; Exact numeric token occurs in Firestaff source; this audit did not verify behavioral equivalence or implementation.
F0236_TIMELINE_FixPlacement	F	TIMELINE	ATARIST.H:138	UNCERTAIN_NUMBERED_EVIDENCE	REQUIRES_BEHAVIORAL_REVIEW	src/dm1/dm1_v1_event_timer_pc34_compat.c:9; Exact numeric token occurs in Firestaff source; this audit did not verify behavioral equivalence or implementation.
F0237_TIMELINE_DeleteEvent	F	TIMELINE	ATARIST.H:139	UNCERTAIN_NUMBERED_EVIDENCE	REQUIRES_BEHAVIORAL_REVIEW	src/csb/csb_v1_boot.c:7265; Exact numeric token occurs in Firestaff source; this audit did not verify behavioral equivalence or implementation.
F0238_TIMELINE_AddEvent_GetEventIndex_CPSE	F	TIMELINE	ATARIST.H:140	UNCERTAIN_NUMBERED_EVIDENCE	REQUIRES_BEHAVIORAL_REVIEW	src/nexus/nexus_v1_light_overflow.c:16; Exact numeric token occurs in Firestaff source; this audit did not verify behavioral equivalence or implementation.
F0239_TIMELINE_ExtractFirstEvent	F	TIMELINE	DEFS.H:7723	UNCERTAIN_NUMBERED_EVIDENCE	REQUIRES_BEHAVIORAL_REVIEW	src/dm1/dm1_v1_event_timer_pc34_compat.c:12; Exact numeric token occurs in Firestaff source; this audit did not verify behavioral equivalence or implementation.
F0240_TIMELINE_IsFirstEventExpired_CPSE	F	TIMELINE	DEFS.H:7724	UNCERTAIN_NUMBERED_EVIDENCE	REQUIRES_BEHAVIORAL_REVIEW	src/csb/csb_v1_runtime_pc34_compat.c:2065; Exact numeric token occurs in Firestaff source; this audit did not verify behavioral equivalence or implementation.
F0241_TIMELINE_ProcessEvent1_DoorAnimation	F	TIMELINE	DEFS.H:7725	UNCERTAIN_NUMBERED_EVIDENCE	REQUIRES_BEHAVIORAL_REVIEW	src/dm2/dm2_v1_door_mechanics.c:20; Exact numeric token occurs in Firestaff source; this audit did not verify behavioral equivalence or implementation.
F0242_TIMELINE_ProcessEvent7_Square_FakeWall	F	TIMELINE	DEFS.H:7726	UNCERTAIN_NUMBERED_EVIDENCE	REQUIRES_BEHAVIORAL_REVIEW	src/csb/csb_v1_runtime_pc34_compat.c:12792; Exact numeric token occurs in Firestaff source; this audit did not verify behavioral equivalence or implementation.
F0243_TIMELINE_ProcessEvent2_DoorDestruction	F	TIMELINE	DEFS.H:7727	MISSING	DEFERRED_NO_IMPLEMENTATION_CLAIM	-; No exact numbered token found in Firestaff src/include; no implementation claim.
F0244_TIMELINE_ProcessEvent10_Square_Door	F	TIMELINE	DEFS.H:7728	UNCERTAIN_NUMBERED_EVIDENCE	REQUIRES_BEHAVIORAL_REVIEW	src/csb/csb_v1_runtime_pc34_compat.c:12792; Exact numeric token occurs in Firestaff source; this audit did not verify behavioral equivalence or implementation.
F0245_TIMELINE_ProcessEvent5_Square_Corridor	F	TIMELINE	DEFS.H:1262	UNCERTAIN_NUMBERED_EVIDENCE	REQUIRES_BEHAVIORAL_REVIEW	src/csb/csb_v1_runtime_pc34_compat.c:12285; Exact numeric token occurs in Firestaff source; this audit did not verify behavioral equivalence or implementation.
F0246_TIMELINE_ProcessEvent65_EnableGroupGenerator	F	TIMELINE	DEFS.H:7730	UNCERTAIN_NUMBERED_EVIDENCE	REQUIRES_BEHAVIORAL_REVIEW	src/csb/csb_v1_runtime_pc34_compat.c:12438; Exact numeric token occurs in Firestaff source; this audit did not verify behavioral equivalence or implementation.
F0247_TIMELINE_TriggerProjectileLauncher	F	TIMELINE	DEFS.H:7731	UNCERTAIN_NUMBERED_EVIDENCE	REQUIRES_BEHAVIORAL_REVIEW	src/csb/csb_v1_runtime_pc34_compat.c:12678; Exact numeric token occurs in Firestaff source; this audit did not verify behavioral equivalence or implementation.
F0248_TIMELINE_ProcessEvent6_Square_Wall	F	TIMELINE	DEFS.H:1270	UNCERTAIN_NUMBERED_EVIDENCE	REQUIRES_BEHAVIORAL_REVIEW	src/csb/csb_v1_dungeon_world_pc34_compat.c:458; Exact numeric token occurs in Firestaff source; this audit did not verify behavioral equivalence or implementation.
F0249_TIMELINE_MoveTeleporterOrPitSquareThings	F	TIMELINE	DEFS.H:7733	UNCERTAIN_NUMBERED_EVIDENCE	REQUIRES_BEHAVIORAL_REVIEW	src/csb/csb_v1_dungeon_world_pc34_compat.c:508; Exact numeric token occurs in Firestaff source; this audit did not verify behavioral equivalence or implementation.
F0250_TIMELINE_ProcessEvent8_Square_Teleporter	F	TIMELINE	DEFS.H:7734	UNCERTAIN_NUMBERED_EVIDENCE	REQUIRES_BEHAVIORAL_REVIEW	src/csb/csb_v1_runtime_pc34_compat.c:12792; Exact numeric token occurs in Firestaff source; this audit did not verify behavioral equivalence or implementation.
F0251_TIMELINE_ProcessEvent9_Square_Pit	F	TIMELINE	DEFS.H:7735	UNCERTAIN_NUMBERED_EVIDENCE	REQUIRES_BEHAVIORAL_REVIEW	src/csb/csb_v1_runtime_pc34_compat.c:12792; Exact numeric token occurs in Firestaff source; this audit did not verify behavioral equivalence or implementation.
F0252_TIMELINE_ProcessEvents60to61_MoveGroup	F	TIMELINE	DEFS.H:7736	UNCERTAIN_NUMBERED_EVIDENCE	REQUIRES_BEHAVIORAL_REVIEW	src/dm1/dm1_v1_teleporter_pit_pc34_compat.c:450; Exact numeric token occurs in Firestaff source; this audit did not verify behavioral equivalence or implementation.
F0253_TIMELINE_ProcessEvent11Part1_EnableChampionAction	F	TIMELINE	DEFS.H:7737	UNCERTAIN_NUMBERED_EVIDENCE	REQUIRES_BEHAVIORAL_REVIEW	src/csb/csb_v1_runtime_pc34_compat.c:10281; Exact numeric token occurs in Firestaff source; this audit did not verify behavioral equivalence or implementation.
F0254_TIMELINE_ProcessEvent12_HideDamageReceived	F	TIMELINE	DEFS.H:7738	UNCERTAIN_NUMBERED_EVIDENCE	REQUIRES_BEHAVIORAL_REVIEW	src/dm1/dm1_v1_champion_panel_pending_damage_apply_pc34_compat.c:12; Exact numeric token occurs in Firestaff source; this audit did not verify behavioral equivalence or implementation.
F0255_TIMELINE_ProcessEvent13_ViAltarRebirth	F	TIMELINE	DEFS.H:7739	UNCERTAIN_NUMBERED_EVIDENCE	REQUIRES_BEHAVIORAL_REVIEW	src/csb/csb_hint_oracle_htc_real_scan.c:41; Exact numeric token occurs in Firestaff source; this audit did not verify behavioral equivalence or implementation.
F0256_TIMELINE_ProcessEvent53_Watchdog_CPSE	F	TIMELINE	DEFS.H:7740	UNCERTAIN_NUMBERED_EVIDENCE	REQUIRES_BEHAVIORAL_REVIEW	src/dm2/dm2_v1_timeline.c:23; Exact numeric token occurs in Firestaff source; this audit did not verify behavioral equivalence or implementation.
F0257_TIMELINE_ProcessEvent70_Light	F	TIMELINE	DEFS.H:7741	UNCERTAIN_NUMBERED_EVIDENCE	REQUIRES_BEHAVIORAL_REVIEW	src/nexus/nexus_v1_light_overflow.c:19; Exact numeric token occurs in Firestaff source; this audit did not verify behavioral equivalence or implementation.
F0258_TIMELINE_HasWeaponMovedToSlot	F	TIMELINE	DEFS.H:7742	UNCERTAIN_NUMBERED_EVIDENCE	REQUIRES_BEHAVIORAL_REVIEW	src/dm1/dm1_v1_f0259_quiver_refill_pc34_compat.c:36; Exact numeric token occurs in Firestaff source; this audit did not verify behavioral equivalence or implementation.
F0259_TIMELINE_ProcessEvent11Part2_MoveWeaponFromQuiverToSlot	F	TIMELINE	DEFS.H:7743	UNCERTAIN_NUMBERED_EVIDENCE	REQUIRES_BEHAVIORAL_REVIEW	src/dm1/dm1_v1_f0259_quiver_refill_pc34_compat.c:1; Exact numeric token occurs in Firestaff source; this audit did not verify behavioral equivalence or implementation.
F0260_TIMELINE_RefreshAllChampionStatusBoxes	F	TIMELINE	ATARIST.H:141	UNCERTAIN_NUMBERED_EVIDENCE	REQUIRES_BEHAVIORAL_REVIEW	src/dm2/dm2_v2_phase_gate.c:155; Exact numeric token occurs in Firestaff source; this audit did not verify behavioral equivalence or implementation.
F0261_TIMELINE_Process_CPSEF	F	TIMELINE	ATARIST.H:142	UNCERTAIN_NUMBERED_EVIDENCE	REQUIRES_BEHAVIORAL_REVIEW	src/dm2/dm2_v1_timeline.c:23; Exact numeric token occurs in Firestaff source; this audit did not verify behavioral equivalence or implementation.
F0467_MEMORY_GetGraphicOffset	F	MEMORY	DEFS.H:8721	UNCERTAIN_NUMBERED_EVIDENCE	REQUIRES_BEHAVIORAL_REVIEW	include/memory_graphics_dat_metadata_pc34_compat.h:4; Exact numeric token occurs in Firestaff source; this audit did not verify behavioral equivalence or implementation.
F0468_MEMORY_Allocate	F	MEMORY	ACTIDRAW.C:240	MISSING	DEFERRED_NO_IMPLEMENTATION_CLAIM	-; No exact numbered token found in Firestaff src/include; no implementation claim.
F0469_MEMORY_FreeAtHeapTop	F	MEMORY	ACTIDRAW.C:292	MISSING	DEFERRED_NO_IMPLEMENTATION_CLAIM	-; No exact numbered token found in Firestaff src/include; no implementation claim.
F0470_MEMORY_FreeAtHeapBottom	F	MEMORY	ATARIST.H:229	MISSING	DEFERRED_NO_IMPLEMENTATION_CLAIM	-; No exact numbered token found in Firestaff src/include; no implementation claim.
F0473_MEMORY_SortValues	F	MEMORY	DEFS.H:8745	MISSING	DEFERRED_NO_IMPLEMENTATION_CLAIM	-; No exact numbered token found in Firestaff src/include; no implementation claim.
F0474_MEMORY_LoadGraphic_CPSDF	F	MEMORY	DEFS.H:8746	UNCERTAIN_NUMBERED_EVIDENCE	REQUIRES_BEHAVIORAL_REVIEW	src/csb/csb_v1_startup_runtime_surfaces_pc34_compat.c:66; Exact numeric token occurs in Firestaff source; this audit did not verify behavioral equivalence or implementation.
F0475_MEMORY_Initialize	F	MEMORY	AMIGINIT.C:616	UNCERTAIN_NUMBERED_EVIDENCE	REQUIRES_BEHAVIORAL_REVIEW	include/dm1_v1_game_loop_pc34_compat.h:7; Exact numeric token occurs in Firestaff source; this audit did not verify behavioral equivalence or implementation.
F0476_MEMORY_InitializeGraphicMemory	F	MEMORY	ATARIST.H:231	UNCERTAIN_NUMBERED_EVIDENCE	REQUIRES_BEHAVIORAL_REVIEW	src/dm1/dm1_v1_game_state_pc34_compat.c:21; Exact numeric token occurs in Firestaff source; this audit did not verify behavioral equivalence or implementation.
F0477_MEMORY_OpenGraphicsDat_CPSDF	F	MEMORY	ATARIST.H:232	UNCERTAIN_NUMBERED_EVIDENCE	REQUIRES_BEHAVIORAL_REVIEW	src/csb/csb_v1_startup_runtime_surfaces_pc34_compat.c:46; Exact numeric token occurs in Firestaff source; this audit did not verify behavioral equivalence or implementation.
F0478_MEMORY_CloseGraphicsDat_CPSDF	F	MEMORY	ATARIST.H:233	UNCERTAIN_NUMBERED_EVIDENCE	REQUIRES_BEHAVIORAL_REVIEW	src/csb/csb_v1_startup_runtime_surfaces_pc34_compat.c:87; Exact numeric token occurs in Firestaff source; this audit did not verify behavioral equivalence or implementation.
F0479_MEMORY_ReadGraphicsDatHeader	F	MEMORY	ATARIST.H:234	UNCERTAIN_NUMBERED_EVIDENCE	REQUIRES_BEHAVIORAL_REVIEW	src/csb/csb_v1_startup_runtime_surfaces_pc34_compat.c:44; Exact numeric token occurs in Firestaff source; this audit did not verify behavioral equivalence or implementation.
F0484_MEMORY_LoadGraphics_CPSDEF	F	MEMORY	ATARIST.H:236	UNCERTAIN_NUMBERED_EVIDENCE	REQUIRES_BEHAVIORAL_REVIEW	include/memory_graphics_dat_slots_pc34_compat.h:12; Exact numeric token occurs in Firestaff source; this audit did not verify behavioral equivalence or implementation.
F0486_MEMORY_AddBlockToUsedList	F	MEMORY	DEFS.H:8838	UNCERTAIN_NUMBERED_EVIDENCE	REQUIRES_BEHAVIORAL_REVIEW	src/dm1/dm1_v1_charge_count_to_torch_type_pc34_compat.c:10; Exact numeric token occurs in Firestaff source; this audit did not verify behavioral equivalence or implementation.
F0488_MEMORY_ExpandGraphicToBitmap	F	MEMORY	ATARIST.H:237	UNCERTAIN_NUMBERED_EVIDENCE	REQUIRES_BEHAVIORAL_REVIEW	src/csb/csb_v1_startup_runtime_surfaces_pc34_compat.c:68; Exact numeric token occurs in Firestaff source; this audit did not verify behavioral equivalence or implementation.
F0489_MEMORY_GetNativeBitmapOrGraphic	F	MEMORY	ACTIDRAW.C:123	UNCERTAIN_NUMBERED_EVIDENCE	REQUIRES_BEHAVIORAL_REVIEW	src/csb/csb_v1_viewport_d3l2_d3r2_f0111_door_pc34_compat.c:42; Exact numeric token occurs in Firestaff source; this audit did not verify behavioral equivalence or implementation.
F0490_MEMORY_LoadDecompressAndExpandGraphic	F	MEMORY	ATARIST.H:239	UNCERTAIN_NUMBERED_EVIDENCE	REQUIRES_BEHAVIORAL_REVIEW	src/csb/csb_v1_startup_runtime_surfaces_pc34_compat.c:53; Exact numeric token occurs in Firestaff source; this audit did not verify behavioral equivalence or implementation.
F0494_MEMORY_GetGraphicDecompressedByteCount	F	MEMORY	ATARIST.H:243	UNCERTAIN_NUMBERED_EVIDENCE	REQUIRES_BEHAVIORAL_REVIEW	include/memory_load_wrappers_pc34_compat.h:6; Exact numeric token occurs in Firestaff source; this audit did not verify behavioral equivalence or implementation.
F0535_MEMORY_GetGraphicsDatFileSize	F	MEMORY	AMIGA.H:336	MISSING	DEFERRED_NO_IMPLEMENTATION_CLAIM	-; No exact numbered token found in Firestaff src/include; no implementation claim.
F0651_TIMELINE_InitializeOptimizedManagement	F	TIMELINE	DEFS.H:9223	UNCERTAIN_NUMBERED_EVIDENCE	REQUIRES_BEHAVIORAL_REVIEW	src/dm1/dm1_v1_original_save_pc34_handoff.c:2065; Exact numeric token occurs in Firestaff source; this audit did not verify behavioral equivalence or implementation.
F1307_FIO1_03_Expunge	F	FIO1	FIO1MAIN.C:31	MISSING	DEFERRED_NO_IMPLEMENTATION_CLAIM	-; No exact numbered token found in Firestaff src/include; no implementation claim.
F1318_FIO1_29_	F	FIO1	FIO1.C:69	MISSING	DEFERRED_NO_IMPLEMENTATION_CLAIM	-; No exact numbered token found in Firestaff src/include; no implementation claim.
F1319_FIO1_28_	F	FIO1	FIO1.C:95	MISSING	DEFERRED_NO_IMPLEMENTATION_CLAIM	-; No exact numbered token found in Firestaff src/include; no implementation claim.
F1320_FIO1_27_	F	FIO1	FIO1.C:113	MISSING	DEFERRED_NO_IMPLEMENTATION_CLAIM	-; No exact numbered token found in Firestaff src/include; no implementation claim.
F1321_FIO1_07_SubstituteStringInFileName	F	FIO1	FIO1.C:125	MISSING	DEFERRED_NO_IMPLEMENTATION_CLAIM	-; No exact numbered token found in Firestaff src/include; no implementation claim.
F1322_FIO1_26_	F	FIO1	FIO1.C:145	MISSING	DEFERRED_NO_IMPLEMENTATION_CLAIM	-; No exact numbered token found in Firestaff src/include; no implementation claim.
F1323_FIO1_25_	F	FIO1	FIO1.C:166	UNCERTAIN_NUMBERED_EVIDENCE	REQUIRES_BEHAVIORAL_REVIEW	src/nexus/nexus_v1_game.c:18; Exact numeric token occurs in Firestaff source; this audit did not verify behavioral equivalence or implementation.
F1324_FIO1_24_	F	FIO1	FIO1.C:247	MISSING	DEFERRED_NO_IMPLEMENTATION_CLAIM	-; No exact numbered token found in Firestaff src/include; no implementation claim.
F1325_FIO1_04_IsDiskWriteable	F	FIO1	FIO1.C:267	MISSING	DEFERRED_NO_IMPLEMENTATION_CLAIM	-; No exact numbered token found in Firestaff src/include; no implementation claim.
F1326_FIO1_05_FormatSaveDisk	F	FIO1	FIO1.C:285	MISSING	DEFERRED_NO_IMPLEMENTATION_CLAIM	-; No exact numbered token found in Firestaff src/include; no implementation claim.
F1327_FIO1_23_	F	FIO1	FIO1.C:50	MISSING	DEFERRED_NO_IMPLEMENTATION_CLAIM	-; No exact numbered token found in Firestaff src/include; no implementation claim.
F1328_FIO1_22_	F	FIO1	FIO1.C:362	MISSING	DEFERRED_NO_IMPLEMENTATION_CLAIM	-; No exact numbered token found in Firestaff src/include; no implementation claim.
F1329_FIO1_21_Open	F	FIO1	FIO1.C:384	MISSING	DEFERRED_NO_IMPLEMENTATION_CLAIM	-; No exact numbered token found in Firestaff src/include; no implementation claim.
F1330_FIO1_20_Create	F	FIO1	FIO1.C:417	UNCERTAIN_NUMBERED_EVIDENCE	REQUIRES_BEHAVIORAL_REVIEW	src/nexus/nexus_v1_audio_receipt.c:36; Exact numeric token occurs in Firestaff source; this audit did not verify behavioral equivalence or implementation.
F1331_FIO1_19_Close	F	FIO1	FIO1.C:453	MISSING	DEFERRED_NO_IMPLEMENTATION_CLAIM	-; No exact numbered token found in Firestaff src/include; no implementation claim.
F1332_FIO1_18_GetSize	F	FIO1	FIO1.C:479	MISSING	DEFERRED_NO_IMPLEMENTATION_CLAIM	-; No exact numbered token found in Firestaff src/include; no implementation claim.
F1333_FIO1_17_Tell	F	FIO1	FIO1.C:506	MISSING	DEFERRED_NO_IMPLEMENTATION_CLAIM	-; No exact numbered token found in Firestaff src/include; no implementation claim.
F1334_FIO1_16_Seek	F	FIO1	FIO1.C:531	MISSING	DEFERRED_NO_IMPLEMENTATION_CLAIM	-; No exact numbered token found in Firestaff src/include; no implementation claim.
F1335_FIO1_15_Read	F	FIO1	FIO1.C:560	MISSING	DEFERRED_NO_IMPLEMENTATION_CLAIM	-; No exact numbered token found in Firestaff src/include; no implementation claim.
F1336_FIO1_14_Write	F	FIO1	FIO1.C:592	MISSING	DEFERRED_NO_IMPLEMENTATION_CLAIM	-; No exact numbered token found in Firestaff src/include; no implementation claim.
F1337_FIO1_13_Lock	F	FIO1	FIO1.C:634	MISSING	DEFERRED_NO_IMPLEMENTATION_CLAIM	-; No exact numbered token found in Firestaff src/include; no implementation claim.
F1338_FIO1_12_Delete	F	FIO1	FIO1.C:668	MISSING	DEFERRED_NO_IMPLEMENTATION_CLAIM	-; No exact numbered token found in Firestaff src/include; no implementation claim.
F1339_FIO1_11_Rename	F	FIO1	FIO1.C:697	MISSING	DEFERRED_NO_IMPLEMENTATION_CLAIM	-; No exact numbered token found in Firestaff src/include; no implementation claim.
F1340_FIO1_09_	F	FIO1	FIO1.C:728	MISSING	DEFERRED_NO_IMPLEMENTATION_CLAIM	-; No exact numbered token found in Firestaff src/include; no implementation claim.
F1341_FIO1_10_	F	FIO1	FIO1.C:745	MISSING	DEFERRED_NO_IMPLEMENTATION_CLAIM	-; No exact numbered token found in Firestaff src/include; no implementation claim.
F1342_FIO1_08_	F	FIO1	FIO1.C:762	MISSING	DEFERRED_NO_IMPLEMENTATION_CLAIM	-; No exact numbered token found in Firestaff src/include; no implementation claim.
F1343_FIO1_06_	F	FIO1	FIO1.C:791	MISSING	DEFERRED_NO_IMPLEMENTATION_CLAIM	-; No exact numbered token found in Firestaff src/include; no implementation claim.
